test,generator,N,statistic,df_or_z,p_value,lower_tail,central_p,aux_1,aux_2
chi_square_triplets,numpy_pcg64,10000,97.5500000000,124,0.961913541,0.03808645902,0.07617291804,58,101
chi_square_triplets,halton_2_3_5,10000,4.6750000000,124,1,2.322474105e-64,4.64494821e-64,76,85
sample_mean,numpy_pcg64,20000,0.5012593264,0.6169414369,0.5372733541,,,0.1698609510,0.5117193556
sample_mean,halton_base2,20000,0.4999153702,-0.0414599761,0.9669291999,,,0.3750000000,0.5000000000
