case,backend,grid,span,elapsed_seconds,convergence_fraction,mean_iterations,root0_fraction,root1_fraction,root2_fraction,root_diff_vs_fp64,iter_diff_vs_fp64,max_iter_diff_vs_fp64,unique_x_count,unique_y_count
full_plane,fp32_triton,2048,3.6,0.003986713399353903,1.0,6.814484119415283,0.3419046401977539,0.32904767990112305,0.32904767990112305,132,21624,20,2048,2048
full_plane,fp64_pytorch,2048,3.6,0.2887786234001396,1.0,6.814671516418457,0.3419075012207031,0.32904624938964844,0.32904624938964844,0,0,0,2048,2048
full_plane,doublefloat_pytorch,2048,3.6,1.8111716519997572,0.9999990463256836,6.814736666428248,0.3419055938720703,0.32904672622680664,0.32904672622680664,88,15920,49,2048,2048
full_plane,doublefloat_triton,2048,3.6,0.017105563600489405,1.0,6.814808368682861,0.34190893173217773,0.32904553413391113,0.32904553413391113,98,22010,18,2048,2048
boundary_zoom,fp32_triton,2048,0.00012201070785522461,0.0038378893994376996,1.0,15.0,0.0,1.0,0.0,0,0,0,2048,1024
boundary_zoom,fp64_pytorch,2048,0.00012201070785522461,0.08748600179969798,1.0,15.0,0.0,1.0,0.0,0,0,0,2048,2048
boundary_zoom,doublefloat_pytorch,2048,0.00012201070785522461,0.4967033797991462,1.0,15.0,0.0,1.0,0.0,0,0,0,2048,2048
boundary_zoom,doublefloat_triton,2048,0.00012201070785522461,0.017310050399100874,1.0,15.0,0.0,1.0,0.0,0,0,0,2048,2048
