compute_grid,compute_tile,elapsed_seconds,quadratic_reference_seconds,relative_to_quadratic,peak_gpu_mem_gib,throughput_gpoints_per_second,grid_to_float32_ulp_ratio,convergence_fraction,mean_iterations
100000,12500,3.298812089000421,3.298812089000421,1.0,5.531847953796387,3.031394250477031,301.9929079290793,0.9999995992,6.8143206075797
250000,12500,12.997805374001473,20.617575556252632,0.6304235596730803,5.531847953796387,4.808504066772228,120.79643838575355,0.99999960112,6.814319061519587
500000,12500,46.87826579099783,82.47030222501053,0.5684260215646596,5.531847953796387,5.332961784776779,60.398098396196794,0.999999602488,6.8143194235337425
1000000,12500,184.45646467799816,329.8812089000421,0.5591602664882032,5.531847953796387,5.4213334390078405,30.199018999019,0.999999602422,6.814318522137129
2000000,12500,741.9136093340021,1319.5248356001684,0.562258162421439,5.531847953796387,5.391463304724526,15.099501949750975,0.99999960267,6.814318139675026
