case,backend,grid,span,elapsed_seconds,convergence_fraction,mean_iterations,root0_fraction,root1_fraction,root2_fraction,root_diff_vs_fp64,iter_diff_vs_fp64,max_iter_diff_vs_fp64,unique_x_count,unique_y_count
full_plane,fp32,1024,3.6,0.0743552229978377,0.9999961853027344,6.814856776644809,0.34191322326660156,0.3290414810180664,0.3290414810180664,40,6706,45,1024,1024
full_plane,fp64,1024,3.6,0.10507553700153949,0.9999980926513672,6.814431790221768,0.3419170379638672,0.32904052734375,0.32904052734375,0,0,0,1024,1024
full_plane,doublefloat,1024,3.6,0.4155846339999698,1.0,6.814628601074219,0.3419055938720703,0.32904720306396484,0.32904720306396484,26,3956,47,1024,1024
boundary_zoom,fp32,1024,6.097555160522461e-05,0.019755694000195945,1.0,15.0,0.0,1.0,0.0,0,0,0,1024,512
boundary_zoom,fp64,1024,6.097555160522461e-05,0.029037022002739832,1.0,15.0,0.0,1.0,0.0,0,0,0,1024,1024
boundary_zoom,doublefloat,1024,6.097555160522461e-05,0.11545442499846104,1.0,15.0,0.0,1.0,0.0,0,0,0,1024,1024
