case,backend,grid,span,elapsed_seconds,convergence_fraction,mean_iterations,root0_fraction,root1_fraction,root2_fraction,root_diff_vs_fp64,iter_diff_vs_fp64,max_iter_diff_vs_fp64,unique_x_count,unique_y_count
full_plane,fp32,128,3.6,0.048216380000667414,1.0,6.826416015625,0.3411865234375,0.32940673828125,0.32940673828125,0,112,8,128,128
full_plane,fp64,128,3.6,0.04549170500104083,1.0,6.8258056640625,0.3411865234375,0.32940673828125,0.32940673828125,0,0,0,128,128
full_plane,doublefloat,128,3.6,0.29262106199894333,1.0,6.825927734375,0.3411865234375,0.32940673828125,0.32940673828125,0,76,6,128,128
boundary_zoom,fp32,128,7.569789886474609e-06,0.023402618000545772,1.0,20.0,0.0,1.0,0.0,0,0,0,128,65
boundary_zoom,fp64,128,7.569789886474609e-06,0.027564323998376494,1.0,20.0,0.0,1.0,0.0,0,0,0,128,128
boundary_zoom,doublefloat,128,7.569789886474609e-06,0.14043026999934227,1.0,20.0,0.0,1.0,0.0,0,0,0,128,128
