case,backend,grid,span,elapsed_seconds,convergence_fraction,mean_iterations,root0_fraction,root1_fraction,root2_fraction,root_diff_vs_fp64,iter_diff_vs_fp64,max_iter_diff_vs_fp64,unique_x_count,unique_y_count
full_plane,fp32,512,3.6,0.06118370900003356,1.0,6.817024230957031,0.34218597412109375,0.3289070129394531,0.3289070129394531,4,1628,9,512,512
full_plane,fp64,512,3.6,0.05384403499920154,1.0,6.816741943359375,0.34220123291015625,0.3288993835449219,0.3288993835449219,0,0,0,512,512
full_plane,doublefloat,512,3.6,0.3499887520010816,1.0,6.816802978515625,0.34220123291015625,0.3288993835449219,0.3288993835449219,4,1002,9,512,512
boundary_zoom,fp32,512,3.045797348022461e-05,0.019125922000966966,1.0,15.0,0.0,1.0,0.0,0,0,0,512,256
boundary_zoom,fp64,512,3.045797348022461e-05,0.01847790099782287,1.0,15.0,0.0,1.0,0.0,0,0,0,512,512
boundary_zoom,doublefloat,512,3.045797348022461e-05,0.11655872300252668,1.0,15.0,0.0,1.0,0.0,0,0,0,512,512
