case,backend,grid,span,elapsed_seconds,convergence_fraction,mean_iterations,root0_fraction,root1_fraction,root2_fraction,root_diff_vs_fp64,iter_diff_vs_fp64,max_iter_diff_vs_fp64,unique_x_count,unique_y_count
full_plane,fp32_triton,1024,3.6,0.002065862600284163,1.0,6.814453125,0.3419036865234375,0.32904815673828125,0.32904815673828125,38,5426,42,1024,1024
full_plane,fp64_pytorch,1024,3.6,0.10267379639990395,0.9999980926513672,6.814431790221768,0.3419170379638672,0.32904052734375,0.32904052734375,0,0,0,1024,1024
full_plane,doublefloat_pytorch,1024,3.6,0.3750018225997337,1.0,6.814628601074219,0.3419055938720703,0.32904720306396484,0.32904720306396484,26,3956,47,1024,1024
full_plane,doublefloat_triton,1024,3.6,0.07493690580013208,0.9999980926513672,6.81446040050583,0.3419170379638672,0.32904052734375,0.32904052734375,0,4974,1,1024,1024
boundary_zoom,fp32_triton,1024,6.097555160522461e-05,0.001967946600052528,1.0,15.0,0.0,1.0,0.0,0,0,0,1024,512
boundary_zoom,fp64_pytorch,1024,6.097555160522461e-05,0.0299697576003382,1.0,15.0,0.0,1.0,0.0,0,0,0,1024,1024
boundary_zoom,doublefloat_pytorch,1024,6.097555160522461e-05,0.11841705239930889,1.0,15.0,0.0,1.0,0.0,0,0,0,1024,1024
boundary_zoom,doublefloat_triton,1024,6.097555160522461e-05,0.03592710059892852,1.0,15.0,0.0,1.0,0.0,0,0,0,1024,1024
