case,compute_grid,fp32_run_dir,fp64_run_dir,grid_spacing,float32_ulp_at_axis_max,float64_ulp_at_axis_max,linear_resolution_gain_fp64_over_fp32,fp32_elapsed_seconds,fp64_elapsed_seconds,fp64_slowdown_vs_fp32,fp32_peak_gpu_mem_gib,fp64_peak_gpu_mem_gib,fp64_mem_ratio_vs_fp32,fp32_mean_iterations,fp64_mean_iterations,mean_iterations_delta,fp64_root0_delta,fp64_root1_delta,fp64_root2_delta
100k,100000,result/gpu_triton/problem1_gpu_newton_triton_stats_100k_t12500__20260408-195305,result/gpu_triton/problem1_gpu_newton_triton_stats_100k_fp64__20260408-202025,3.600036000360004e-05,1.1920928955078125e-07,2.220446049250313e-16,536870912.0,3.298812089000421,49.334878440000466,14.955346685100064,5.531847953796387,6.696187973022461,1.2104793965689193,6.8143206075797,6.814475859669046,0.00015525208934619172,-8.860000000332491e-08,4.060000002858999e-08,4.060000002858999e-08
250k,250000,result/gpu_triton/problem1_gpu_newton_triton_stats_250k__20260408-195334,result/gpu_triton/problem1_gpu_newton_triton_stats_250k_fp64__20260408-202129,1.4400057600230401e-05,1.1920928955078125e-07,2.220446049250313e-16,536870912.0,12.997805374001473,249.6222615000006,19.204954553274135,5.531847953796387,6.696187973022461,1.2104793965689193,6.814319061519587,6.814474631177009,0.00015556965742202777,1.2800000004364875e-08,-6.240000016699554e-09,-6.240000016699554e-09
