case,backend,grid,span,elapsed_seconds,convergence_fraction,mean_iterations,root0_fraction,root1_fraction,root2_fraction,root_diff_vs_fp64,iter_diff_vs_fp64,max_iter_diff_vs_fp64,unique_x_count,unique_y_count
full_plane,fp32,256,3.6,0.06211288600025,1.0,6.818603515625,0.342071533203125,0.3289642333984375,0.3289642333984375,2,444,11,256,256
full_plane,fp64,256,3.6,0.05110608500035596,1.0,6.817901611328125,0.34210205078125,0.328948974609375,0.328948974609375,0,0,0,256,256
full_plane,doublefloat,256,3.6,0.39496973399946,1.0,6.817962646484375,0.34210205078125,0.328948974609375,0.328948974609375,0,236,1,256,256
boundary_zoom,fp32,256,1.519918441772461e-05,0.019227934997616103,1.0,15.0,0.0,1.0,0.0,0,0,0,256,129
boundary_zoom,fp64,256,1.519918441772461e-05,0.0187474550002662,1.0,15.0,0.0,1.0,0.0,0,0,0,256,256
boundary_zoom,doublefloat,256,1.519918441772461e-05,0.11521112999980687,1.0,15.0,0.0,1.0,0.0,0,0,0,256,256
