root,residual
12.40000000000002,3.637978807091713e-12
23.499999999999954,5.4569682106375694e-12
34.60000000000002,1.8189894035458565e-12
