method,root_m,iterations,residual,reference,abs_error
newton,326045071.66535544,5,-1.734723475976807e-18,326045071.66535544,0.0
secant,326045071.66535544,6,-1.734723475976807e-18,326045071.66535544,0.0
