case,backend,grid,span,elapsed_seconds,convergence_fraction,mean_iterations,root0_fraction,root1_fraction,root2_fraction,root_diff_vs_fp64,iter_diff_vs_fp64,max_iter_diff_vs_fp64,unique_x_count,unique_y_count
full_plane,fp32_triton,1024,3.6,0.001917828198929783,1.0,6.814453125,0.3419036865234375,0.32904815673828125,0.32904815673828125,38,5426,42,1024,1024
full_plane,fp64_pytorch,1024,3.6,0.1017360550002195,0.9999980926513672,6.814431790221768,0.3419170379638672,0.32904052734375,0.32904052734375,0,0,0,1024,1024
full_plane,doublefloat_pytorch,1024,3.6,0.3772151953991852,1.0,6.814628601074219,0.3419055938720703,0.32904720306396484,0.32904720306396484,26,3956,47,1024,1024
full_plane,doublefloat_triton,1024,3.6,0.07105199579964391,0.9999980926513672,6.8142448696992295,0.3419170379638672,0.32904052734375,0.32904052734375,0,3948,1,1024,1024
boundary_zoom,fp32_triton,1024,6.097555160522461e-05,0.0018150574003811925,1.0,15.0,0.0,1.0,0.0,0,0,0,1024,512
boundary_zoom,fp64_pytorch,1024,6.097555160522461e-05,0.028950606600847095,1.0,15.0,0.0,1.0,0.0,0,0,0,1024,1024
boundary_zoom,doublefloat_pytorch,1024,6.097555160522461e-05,0.1202702231996227,1.0,15.0,0.0,1.0,0.0,0,0,0,1024,1024
boundary_zoom,doublefloat_triton,1024,6.097555160522461e-05,0.03471217619953677,1.0,15.0,0.0,1.0,0.0,0,0,0,1024,1024
