parameter,value
a,1.0000000000
b,1.5000000000
ell,0.8000000000
theory_P_A,0.5092958179
theory_P_B,0.3395305453
theory_P_AB,0.1358122181
