from_room,to_1,to_2,to_3,to_4,to_5,to_6
1,0.0000000000,0.0000000000,1.0000000000,0.0000000000,0.0000000000,0.0000000000
2,0.0000000000,0.0000000000,1.0000000000,0.0000000000,0.0000000000,0.0000000000
3,0.2500000000,0.2500000000,0.0000000000,0.2500000000,0.2500000000,0.0000000000
4,0.0000000000,0.0000000000,0.5000000000,0.0000000000,0.0000000000,0.5000000000
5,0.0000000000,0.0000000000,0.5000000000,0.0000000000,0.0000000000,0.5000000000
6,0.0000000000,0.0000000000,0.0000000000,0.5000000000,0.5000000000,0.0000000000
