from_state,Harvard,Yale,Dartmouth
Harvard,0.7000000000,0.2400000000,0.0600000000
Yale,0.4200000000,0.2500000000,0.3300000000
Dartmouth,0.3300000000,0.1500000000,0.5200000000
