part,probability
a,0.7000000000
b,1.0000000000
