case,backend,grid,span,elapsed_seconds,convergence_fraction,mean_iterations,root0_fraction,root1_fraction,root2_fraction,root_diff_vs_fp64,iter_diff_vs_fp64,max_iter_diff_vs_fp64,unique_x_count,unique_y_count
full_plane,fp32_triton,1024,3.6,0.001780278200021712,1.0,6.814453125,0.3419036865234375,0.32904815673828125,0.32904815673828125,38,5426,42,1024,1024
full_plane,fp64_pytorch,1024,3.6,0.10037574829984805,0.9999980926513672,6.814431790221768,0.3419170379638672,0.32904052734375,0.32904052734375,0,0,0,1024,1024
full_plane,doublefloat_pytorch,1024,3.6,0.36799553660021045,1.0,6.814628601074219,0.3419055938720703,0.32904720306396484,0.32904720306396484,26,3956,47,1024,1024
full_plane,doublefloat_triton,1024,3.6,0.008484628799487836,1.0,6.814627647399902,0.34191322326660156,0.3290433883666992,0.3290433883666992,26,5507,48,1024,1024
boundary_zoom,fp32_triton,1024,6.097555160522461e-05,0.0017269149000640027,1.0,15.0,0.0,1.0,0.0,0,0,0,1024,512
boundary_zoom,fp64_pytorch,1024,6.097555160522461e-05,0.028121354299946687,1.0,15.0,0.0,1.0,0.0,0,0,0,1024,1024
boundary_zoom,doublefloat_pytorch,1024,6.097555160522461e-05,0.11558054699999047,1.0,15.0,0.0,1.0,0.0,0,0,0,1024,1024
boundary_zoom,doublefloat_triton,1024,6.097555160522461e-05,0.007299732200044673,1.0,15.0,0.0,1.0,0.0,0,0,0,1024,1024
