case,backend,grid,span,elapsed_seconds,convergence_fraction,mean_iterations,root0_fraction,root1_fraction,root2_fraction,root_diff_vs_fp64,iter_diff_vs_fp64,max_iter_diff_vs_fp64,unique_x_count,unique_y_count
full_plane,fp32_triton,1024,3.6,0.0019750911997107323,1.0,6.814453125,0.3419036865234375,0.32904815673828125,0.32904815673828125,38,5426,42,1024,1024
full_plane,fp64_pytorch,1024,3.6,0.1017748862002918,0.9999980926513672,6.814431790221768,0.3419170379638672,0.32904052734375,0.32904052734375,0,0,0,1024,1024
full_plane,doublefloat_pytorch,1024,3.6,0.3730242198995256,1.0,6.814628601074219,0.3419055938720703,0.32904720306396484,0.32904720306396484,26,3956,47,1024,1024
full_plane,doublefloat_triton,1024,3.6,0.07180193849999342,0.9999980926513672,6.814391735824081,0.3419170379638672,0.32904052734375,0.32904052734375,0,4646,1,1024,1024
boundary_zoom,fp32_triton,1024,6.097555160522461e-05,0.0018409595999401064,1.0,15.0,0.0,1.0,0.0,0,0,0,1024,512
boundary_zoom,fp64_pytorch,1024,6.097555160522461e-05,0.02894395270050154,1.0,15.0,0.0,1.0,0.0,0,0,0,1024,1024
boundary_zoom,doublefloat_pytorch,1024,6.097555160522461e-05,0.11590820779965724,1.0,15.0,0.0,1.0,0.0,0,0,0,1024,1024
boundary_zoom,doublefloat_triton,1024,6.097555160522461e-05,0.0356292085001769,1.0,15.0,0.0,1.0,0.0,0,0,0,1024,1024
