formula,family,accuracy_order,approximation,abs_error,signed_error
Forward O(h),forward,1,23.708449999999992,1.5412817032080426,1.5412817032080426
Backward O(h),backward,1,20.749130000000005,1.418038296791945,-1.418038296791945
Forward O(h^2),forward,2,22.03230999999999,0.13485829679196115,-0.13485829679196115
Backward O(h^2),backward,2,22.054524999999998,0.11264329679195129,-0.11264329679195129
Central O(h^2),central,2,22.228789999999996,0.06162170320804705,0.06162170320804705
Central O(h^4),central,4,22.166999166666663,0.00016913012528618765,-0.00016913012528618765
