prefix,run_dir,compute_grid,compute_tile,elapsed_seconds,peak_gpu_mem_gib,convergence_fraction,mean_iterations,root0_fraction,root1_fraction,root2_fraction,grid_spacing,float32_ulp_at_axis_max,grid_to_float32_ulp_ratio,effective_points_per_second,estimated_half_week_grid_same_throughput,relative_to_prev_time_ratio,relative_to_prev_quadratic_ratio,relative_to_prev_efficiency
problem1_gpu_newton_triton_stats_100k_t12500,result/gpu_triton/problem1_gpu_newton_triton_stats_100k_t12500__20260408-195305,100000,12500,3.298812089000421,5.531847953796387,0.9999995992,6.8143206075797,0.3418775244,0.3290610374,0.3290610374,3.600036000360004e-05,1.1920928955078125e-07,301.9929079290793,3031394250.4770308,30276948.67955247,,,
problem1_gpu_newton_triton_stats_250k,result/gpu_triton/problem1_gpu_newton_triton_stats_250k__20260408-195334,250000,12500,12.997805374001473,5.531847953796387,0.99999960112,6.814319061519587,0.341876921504,0.329061339808,0.329061339808,1.4400057600230401e-05,1.1920928955078125e-07,120.79643838575355,4808504066.772228,38132553.41295573,3.940147247956752,6.25,1.5862351345475914
problem1_gpu_newton_triton_stats_500k,result/gpu_triton/problem1_gpu_newton_triton_stats_500k__20260408-195358,500000,12500,46.87826579099783,5.531847953796387,0.999999602488,6.8143194235337425,0.341876899592,0.329061351448,0.329061351448,7.2000144000288e-06,1.1920928955078125e-07,60.398098396196794,5332961784.776779,40158282.380058266,3.6066293071878794,4.0,1.1090687895282576
problem1_gpu_newton_triton_stats_1m,result/gpu_triton/problem1_gpu_newton_triton_stats_1m__20260408-195452,1000000,12500,184.45646467799816,5.531847953796387,0.999999602422,6.814318522137129,0.341876843686,0.329061379368,0.329061379368,3.6000036000036e-06,1.1920928955078125e-07,30.199018999019,5421333439.00784,40489643.51480476,3.9347971083311677,4.0,1.0165708395817354
problem1_gpu_newton_triton_stats_2m,result/gpu_triton/problem1_gpu_newton_triton_stats_2m__20260408-195815,2000000,12500,741.9136093340021,5.531847953796387,0.99999960267,6.814318139675026,0.3418768235975,0.32906138953625,0.32906138953625,1.80000090000045e-06,1.1920928955078125e-07,15.099501949750975,5391463304.724526,40377945.754442446,4.022161059137425,4.0,0.9944902606306427
