case,backend,grid,span,elapsed_seconds,convergence_fraction,mean_iterations,root0_fraction,root1_fraction,root2_fraction,root_diff_vs_fp64,iter_diff_vs_fp64,max_iter_diff_vs_fp64,unique_x_count,unique_y_count
full_plane,fp32,1024,3.6,0.19879488800506806,0.9999961853027344,6.814856776644809,0.34191322326660156,0.3290414810180664,0.3290414810180664,40,6706,45,1024,1024
full_plane,fp64,1024,3.6,0.34485526099888375,0.9999980926513672,6.814431790221768,0.3419170379638672,0.32904052734375,0.32904052734375,0,0,0,1024,1024
full_plane,doublefloat_refined,1024,3.6,0.8056864679965656,1.0,6.814628601074219,0.3419055938720703,0.32904720306396484,0.32904720306396484,26,3956,47,1024,1024
boundary_zoom,fp32,1024,6.097555160522461e-05,0.03353922100359341,1.0,15.0,0.0,1.0,0.0,0,0,0,1024,512
boundary_zoom,fp64,1024,6.097555160522461e-05,0.02938968999660574,1.0,15.0,0.0,1.0,0.0,0,0,0,1024,1024
boundary_zoom,doublefloat_refined,1024,6.097555160522461e-05,0.16910013800224988,1.0,15.0,0.0,1.0,0.0,0,0,0,1024,1024
