from_state,Harvard,Yale,Dartmouth
Harvard,0.8000000000,0.2000000000,0.0000000000
Yale,0.3000000000,0.4000000000,0.3000000000
Dartmouth,0.2000000000,0.1000000000,0.7000000000
