generator,kind,samples,low,high,chi_square,chi_square_pvalue,max_relative_count_error,count_0,count_1,count_2,count_3,count_4,count_5
NumPy PCG64,numpy_pcg64,200000,0,6,5.05558,0.4091348868713724,0.008050000000000073,33474,33354,33065,33150,33495,33462
custom xoshiro256**,xoshiro256ss,200000,0,6,10.223679999999998,0.06913985245795784,0.009760000000000072,33355,33008,33203,33157,33630,33647
custom Park-Miller LCG,park_miller,200000,0,6,5.173299999999999,0.3950988016909373,0.008299999999999927,33610,33145,33474,33221,33172,33378
