generator,kind,samples,mean,mean_abs_error,variance,variance_abs_error,lag1_correlation,chi_square,chi_square_pvalue
NumPy PCG64,numpy_pcg64,200000,0.49912789210856995,0.0008721078914300517,0.08371866294770582,0.00038532961437248714,0.0030806191197076532,18.9338,0.4610903204346817
custom xoshiro256**,xoshiro256ss,200000,0.49975649718016785,0.00024350281983215316,0.08299706520142537,0.00033626813190795746,-0.0002720745257003501,31.000599999999995,0.04036671217793477
custom Park-Miller LCG,park_miller,200000,0.4995096184633949,0.0004903815366050779,0.08305497494123106,0.00027835839210227364,-0.0011000268951563733,15.019599999999999,0.7213507822663818
