case,backend,grid,span,elapsed_seconds,convergence_fraction,mean_iterations,root0_fraction,root1_fraction,root2_fraction,root_diff_vs_fp64,iter_diff_vs_fp64,max_iter_diff_vs_fp64,unique_x_count,unique_y_count
full_plane,fp32_triton,1024,3.6,0.001963380600500386,1.0,6.814453125,0.3419036865234375,0.32904815673828125,0.32904815673828125,38,5426,42,1024,1024
full_plane,fp64_pytorch,1024,3.6,0.21528440120018785,0.9999980926513672,6.814431790221768,0.3419170379638672,0.32904052734375,0.32904052734375,0,0,0,1024,1024
full_plane,doublefloat_pytorch,1024,3.6,0.7657814484002301,1.0,6.814628601074219,0.3419055938720703,0.32904720306396484,0.32904720306396484,26,3956,47,1024,1024
full_plane,doublefloat_triton,1024,3.6,0.10872764659870882,0.9999980926513672,6.8142448696992295,0.3419170379638672,0.32904052734375,0.32904052734375,0,3948,1,1024,1024
boundary_zoom,fp32_triton,1024,6.097555160522461e-05,0.001960679198964499,1.0,15.0,0.0,1.0,0.0,0,0,0,1024,512
boundary_zoom,fp64_pytorch,1024,6.097555160522461e-05,0.06165632999909576,1.0,15.0,0.0,1.0,0.0,0,0,0,1024,1024
boundary_zoom,doublefloat_pytorch,1024,6.097555160522461e-05,0.2410332654006197,1.0,15.0,0.0,1.0,0.0,0,0,0,1024,1024
boundary_zoom,doublefloat_triton,1024,6.097555160522461e-05,0.06667847719945712,1.0,15.0,0.0,1.0,0.0,0,0,0,1024,1024
