run_prefix,compute_grid,render_grid,factor,tile_rows,threads,max_iter,tol,elapsed_seconds,throughput_gpoints_per_s,peak_rss_gib,convergence_fraction,mean_iterations,root0_fraction,root1_fraction,root2_fraction,run_prefix
problem1_cpu_ultra_bench_20000,20000,5000,4,64,88,55,5e-07,1.949303395,0.205201510,0.118228912,0.999999640000,6.814500918220,0.341878840000,0.329060400000,0.329060400000,problem1_cpu_ultra_bench_20000
problem1_cpu_ultra_bench_40000,40000,5000,8,64,88,55,5e-07,2.389991554,0.669458433,0.118217468,0.999999601250,6.814477071023,0.341877971250,0.329060815000,0.329060815000,problem1_cpu_ultra_bench_40000
problem1_cpu_ultra_bench_80000,80000,5000,16,64,88,55,5e-07,5.532187735,1.156866019,0.118209839,0.999999605938,6.814477910643,0.341877548750,0.329061028594,0.329061028594,problem1_cpu_ultra_bench_80000
