dataset,slope,intercept,r_squared,rmse,max_abs_residual,max_leverage,assessment
1,0.5000909091,3.0000909091,0.6665424595,1.2366033227,1.9212727273,0.3181818182,散点基本沿直线分布，残差无明显结构，线性模型拟合良好。
2,0.5000000000,3.0009090909,0.6662420337,1.2372142053,1.9009090909,0.3181818182,整体斜率与截距和第 1 组接近，但残差呈明显曲线趋势，说明线性模型存在系统失配。
3,0.4997272727,3.0024545455,0.6663240411,1.2363113514,3.2410909091,0.3181818182,大多数点接近一条水平带，仅有一个高残差离群点主导了斜率，因此线性拟合在解释整体结构时并不可靠。
4,0.4999090909,3.0017272727,0.6667072569,1.2356954857,1.8390000000,1.0000000000,除一个高杠杆点外其余点的 x 几乎相同，回归直线主要由该高杠杆点决定，属于脆弱且不稳健的拟合。
