parameter,value
A,113.2212793138
A_err,6.5758668710
tau,98.5490686152
tau_err,7.4394586960
chi2,18.1840015676
chi2_red,1.8184001568
A_linearized,116.5265093707
A_linearized_err,9.6974561857
tau_linearized,100.5137923436
tau_linearized_err,11.5653700415
