T,slope,intercept
2.0,-0.025823056366182352,-0.10242069572874032
2.269,-0.2771588158453689,0.1461583158951514
2.5,-1.2968576011880542,1.6236984472712963
