order,mean_E_per_spin,mean_abs_m,acceptance
random,-1.257488888888889,0.21693333333333334,0.26034871794871794
ordered,-1.3335666666666666,0.46116666666666667,0.22808205128205128
