node_count,polynomial_degree,max_abs_error,rmse,neville_vs_barycentric_max_diff,neville_vs_barycentric_rmse,neville_seconds,barycentric_seconds
7,6,0.8048996524098561,0.2465718168057619,5.551115123125783e-16,1.1181982100409583e-16,0.0013538999992306344,0.0005753870027547237
9,8,0.3983078513598824,0.10140346748364225,1.1102230246251565e-15,1.5019895812270727e-16,0.0016217729971685912,0.00037742799759143963
17,16,0.00016216344232833357,3.026736722857379e-05,6.539213615042172e-14,5.049540731326898e-15,0.0051607000023068395,0.0006927279973751865
19,18,1.0881958167785477e-05,1.9273552037748753e-06,3.480549182199866e-13,3.2915058791957557e-14,0.006124300001829397,0.0006794550026825164
21,20,5.868754717752722e-07,9.914062705195827e-08,9.168221737354543e-13,1.141529879629614e-13,0.006834805000835331,0.0007138159999158233
