digits,terms,seconds,digits_per_second,workers_used,chunk_terms,gpu_threshold_digits,gpu_stages,gpu_chunk_format,gpu_calls,cpu_calls,merge_gpu_calls,final_gpu_calls,gpu_prepare_seconds,gpu_backend_total_seconds,gpu_kernel_seconds,gpu_finalize_seconds,gpu_peak_gb,gpu_max_operand_digits,prefix_matches_reference
1000000,71433,1.0780967800019425,927560.5108459727,24,8192,50000,final-only,binary16,1,32,0,1,0.012609581001015613,0.45257493700046325,0.020343341999250697,0.01576570500037633,0.20703363418579102,2092807,True
5000000,357147,2.8948639150003146,1727196.9069397366,32,65536,50000,final-only,binary16,1,20,0,1,0.038353779000317445,0.04242313800205011,0.014421928997762734,0.04216013900077087,0.8512539863586426,11212478,True
10000000,714290,5.286281406999478,1891688.9265030734,32,131072,50000,final-only,binary16,1,20,0,1,0.059142474998225225,0.08682879099796992,0.02657532400189666,0.09158953600126551,1.7052502632141113,23069915,True
