decimal_digits,chunks,valid_length,fft_length,repeats,setup_seconds,split_seconds,upload_seconds,kernel_seconds,kernel_digits_per_second,download_seconds,combine_seconds,normalize_seconds,total_seconds,end_to_end_digits_per_second,carry_passes,peak_gpu_gb,decimal_base,split_base,device
1000000,250000,499999,524288,4,0.010028245000285096,0.0008092942498478806,0.002081587250359007,0.0017956052506633569,556915279.4750218,0.002348287499444268,0.0001807765002013184,0.0021252970009300043,0.009383817250636639,106566440.21196765,4.0,0.10865640640258789,10000,100,NVIDIA GeForce RTX 3090
10000000,2500000,4999999,8388608,4,0.11788257099760813,0.0022180395008035703,0.028490996999607887,0.024775664998742286,403621860.42262197,0.01970638624879939,0.0008971907491286402,0.007123966249309888,0.08327645174904319,120081965.42925948,4.0,1.656252384185791,10000,100,NVIDIA GeForce RTX 3090
