decimal_digits,limbs,bytes_per_operand,repeats,mpn_seconds,mpn_digits_per_second,mpz_seconds,mpz_digits_per_second,speedup
1000000,51906,415248,6,0.0150918733333,66260826.4669,0.0132741796667,75334222.16,0.879558115383
10000000,519052,4152416,2,0.1805263075,55393588.5494,0.1904063785,52519248.9809,1.05472925878
50000000,2595257,20762056,1,1.218361079,41038737.0885,1.194037739,41874723.3583,0.980036016892
100000000,5190513,41524104,1,2.948104557,33920099.5306,2.983563343,33516968.9742,1.0120276555
