digits,terms,seconds,digits_per_second,workers_used,chunk_terms,gpu_threshold_digits,gpu_stages,gpu_chunk_format,gpu_calls,cpu_calls,merge_gpu_calls,final_gpu_calls,gpu_prepare_seconds,gpu_backend_total_seconds,gpu_kernel_seconds,gpu_finalize_seconds,gpu_peak_gb,gpu_max_operand_digits,prefix_matches_reference
100000,7147,0.5372071720048552,186147.9243227531,24,8192,50000,final-only,binary16,1,0,0,1,0.005200817002332769,0.4646334770004614,0.024009316999581642,0.002989341999636963,0.013504505157470703,187935,True
500000,35718,0.507340304000536,985531.7940588292,24,8192,50000,final-only,binary16,1,16,0,1,0.0042253799983882345,0.008041593995585572,0.003820582998741884,0.00806657099747099,0.10312509536743164,1014183,True
1000000,71433,0.817082802997902,1223866.1691703326,24,8192,50000,final-only,binary16,1,32,0,1,0.013270486000692472,0.022224996995646507,0.007490723997761961,0.023999598000955302,0.20703363418579102,2092807,True
