digits,terms,seconds,digits_per_second,workers_used,chunk_terms,gpu_threshold_digits,gpu_stages,gpu_chunk_format,gpu_calls,cpu_calls,merge_gpu_calls,final_gpu_calls,gpu_prepare_seconds,gpu_backend_total_seconds,gpu_kernel_seconds,gpu_finalize_seconds,gpu_peak_gb,gpu_max_operand_digits,prefix_matches_reference
10000000,714290,4.546094082001218,2199690.5078563485,32,131072,50000,merge-and-final,binary16,21,0,20,1,0.0,0.8501810969974031,0.2057367669985979,0.0,1.7052502632141113,23069918,True
20000000,1428575,8.872381957997277,2254186.090576573,32,262144,50000,merge-and-final,binary16,21,0,20,1,0.0,1.5199994909853558,0.3702854760340415,0.0,3.421877384185791,47429819,True
50000000,3571433,25.198634747997858,1984234.483337345,32,524288,50000,merge-and-final,binary16,25,0,24,1,0.0,3.932153471003403,0.9771456079979544,0.0,13.072573184967041,122838074,True
100000000,7142861,52.09786160099611,1919464.579292598,32,524288,50000,merge-and-final,binary16,53,0,52,1,0.0,10.94977830001153,2.5455850590005866,0.0,13.195314884185791,252126638,True
