digits,terms,seconds,digits_per_second,workers_used,chunk_terms,gpu_threshold_digits,gpu_stages,gpu_chunk_format,gpu_calls,cpu_calls,merge_gpu_calls,final_gpu_calls,gpu_prepare_seconds,gpu_backend_total_seconds,gpu_kernel_seconds,gpu_finalize_seconds,gpu_peak_gb,gpu_max_operand_digits,prefix_matches_reference
500000,35718,0.8180082449980546,611240.7827884292,24,8192,50000,merge-and-final,binary16,17,0,16,1,0.023331396991125075,0.45462665800368995,0.03465406700706808,0.03285566000340623,0.031252384185791016,1014183,True
1000000,71433,0.983256961000734,1017028.1418422152,24,8192,50000,merge-and-final,binary16,33,0,32,1,0.04696024399163434,0.41670057399824145,0.040676896012882935,0.07756145700841444,0.06250238418579102,2092807,True
