digits,terms,seconds,digits_per_second,workers_used,chunk_terms,gpu_threshold_digits,gpu_stages,gpu_chunk_format,gpu_calls,cpu_calls,merge_gpu_calls,final_gpu_calls,gpu_prepare_seconds,gpu_backend_total_seconds,gpu_kernel_seconds,gpu_finalize_seconds,gpu_peak_gb,gpu_max_operand_digits,prefix_matches_reference
100000,7147,0.4641468649970193,215449.0475781673,24,8192,50000,final-only,decimal4,1,0,0,1,0.047852324998530094,0.2746477500004403,0.01241762100107735,0.038437604998762254,0.007814884185791016,187935,True
500000,35718,0.9087864310022269,550184.2709607696,24,8192,50000,final-only,decimal4,1,16,0,1,0.28126546000203234,0.041532220002409304,0.003962651997426292,0.22677974900216213,0.031252384185791016,1014183,True
1000000,71433,1.710931645000528,584476.8859831869,24,8192,50000,final-only,decimal4,1,32,0,1,0.6586159939979552,0.058607651000784244,0.005791596995550208,0.4398234569998749,0.06250238418579102,2092807,True
