decimal_digits,chunks,valid_length,fft_length,repeats,setup_seconds,split_seconds,upload_seconds,kernel_seconds,kernel_digits_per_second,download_seconds,combine_seconds,normalize_seconds,total_seconds,end_to_end_digits_per_second,carry_passes,peak_gpu_gb,decimal_base,split_base,device
50000000,12500000,24999999,33554432,1,0.3971889359963825,0.0023473819965147413,0.03291570299916202,0.09277781099808635,538921962.7204969,0.13307691700174473,0.0039780709994374774,0.019579031999455765,0.28475311300280737,175590705.4807406,5.0,6.750002384185791,10000,100,NVIDIA GeForce RTX 3090
100000000,25000000,49999999,67108864,1,0.7873300229985034,0.004226682001899462,0.19049796499894,0.16528504700545454,605015407.0906361,0.26384575099655194,0.0077479200044763274,0.03826126800413476,0.6699391170041054,149267295.28377008,5.0,13.490118503570557,10000,100,NVIDIA GeForce RTX 3090
