input_blocks,approx_decimal_digits,repeats,avg_schoolbook_seconds,avg_rns_seconds,speedup_rns_vs_schoolbook,rns_ntt_size,rns_modulus_count,rns_radix_bits,exact_match
256,2466,3,0.000308072,0.000831136,0.370663514,512,3,32,True
512,4932,3,0.001220905,0.001814160,0.672986580,1024,3,32,True
1024,9864,3,0.003951859,0.003081404,1.282486243,2048,3,32,True
2048,19728,3,0.013640812,0.005729434,2.380830834,4096,3,32,True
4096,39456,3,0.053341473,0.012982351,4.108768358,8192,3,32,True
