digits,terms,seconds,digits_per_second,workers_used,chunk_terms,gpu_threshold_digits,gpu_stages,gpu_chunk_format,gpu_calls,cpu_calls,merge_gpu_calls,final_gpu_calls,gpu_prepare_seconds,gpu_backend_total_seconds,gpu_kernel_seconds,gpu_finalize_seconds,gpu_peak_gb,gpu_max_operand_digits,prefix_matches_reference
100000,7147,0.41802063200157136,239222.6420049623,24,8192,50000,final-only,binary16,1,0,0,1,0.005346615998860216,0.34298256499823765,0.013864754004316637,0.0023470890009775758,0.003908634185791016,187935,True
500000,35718,0.4505381879971537,1109783.8392406343,24,8192,50000,final-only,binary16,1,16,0,1,0.005598574000032386,0.03430513300190796,0.004629356997611467,0.004521447001025081,0.031252384185791016,1014183,True
1000000,71433,0.6060851099973661,1649933.2907293264,24,8192,50000,final-only,binary16,1,32,0,1,0.008079547002125764,0.043610466997051844,0.005653482003253885,0.007627481998497387,0.06250238418579102,2092807,True
