decimal_digits,chunks,valid_length,fft_length,repeats,setup_seconds,split_seconds,upload_seconds,kernel_seconds,kernel_digits_per_second,download_seconds,combine_seconds,normalize_seconds,total_seconds,end_to_end_digits_per_second,carry_passes,peak_gpu_gb,decimal_base,split_base,device
1000000,250000,499999,524288,4,0.007575996998639312,0.0028399550001267926,0.004144641248785774,0.0016093874992293422,621354397.5449365,0.005166575499060855,0.0029026020001765573,0.007302681248802401,0.023997838500690705,41670419.60763333,4.0,0.031252384185791016,10000,100,NVIDIA GeForce RTX 3090
10000000,2500000,4999999,8388608,2,0.07041846300126053,0.013864738499250961,0.02245900150228408,0.024747083998590824,404088012.978395,0.06756257149572775,0.04185109900026873,0.12456266549997963,0.2950922839972918,33887704.09222823,4.0,0.500002384185791,10000,100,NVIDIA GeForce RTX 3090
50000000,12500000,24999999,33554432,1,0.40300209899942274,0.05776271500144503,0.17932861999724992,0.08696526199855725,574942210.8431008,0.3876433799996448,0.16974536899942905,0.6524373620013648,1.5339572509983554,32595432.478615798,5.0,2.000002384185791,10000,100,NVIDIA GeForce RTX 3090
100000000,25000000,49999999,67108864,1,0.7428607340007147,0.11663112899987027,0.33678230199802783,0.15455194499736535,647031650.1141716,0.7730821570003172,0.30418170999837457,1.2178862720029429,2.903165407002234,34445161.05035108,5.0,4.000002384185791,10000,100,NVIDIA GeForce RTX 3090
