input_blocks,approx_decimal_digits,repeats,avg_schoolbook_seconds,avg_rns_seconds,speedup_rns_vs_schoolbook,rns_ntt_size,rns_modulus_count,rns_radix_bits,exact_match
8,77,3,0.000000436,0.000020778,0.020983733,16,3,32,True
16,154,3,0.000001069,0.000039937,0.026775281,32,3,32,True
32,308,3,0.000004372,0.000089668,0.048753741,64,3,32,True
64,616,3,0.000018346,0.000174950,0.104862541,128,3,32,True
128,1233,3,0.000074296,0.000387421,0.191771735,256,3,32,True
256,2466,3,0.000299985,0.000844737,0.355122898,512,3,32,True
