case,backend,grid,span,elapsed_seconds,convergence_fraction,mean_iterations,root0_fraction,root1_fraction,root2_fraction,root_diff_vs_fp64,iter_diff_vs_fp64,max_iter_diff_vs_fp64,unique_x_count,unique_y_count
full_plane,fp32_triton,256,3.6,1.298543401004281,1.0,6.81781005859375,0.34210205078125,0.328948974609375,0.328948974609375,0,362,2,256,256
full_plane,fp64_pytorch,256,3.6,0.048378293999121524,1.0,6.817901611328125,0.34210205078125,0.328948974609375,0.328948974609375,0,0,0,256,256
full_plane,doublefloat_pytorch,256,3.6,0.3358950409965473,1.0,6.817962646484375,0.34210205078125,0.328948974609375,0.328948974609375,0,236,1,256,256
full_plane,doublefloat_triton,256,3.6,0.8269390989953536,1.0,6.818695068359375,0.342132568359375,0.3289337158203125,0.3289337158203125,2,366,2,256,256
boundary_zoom,fp32_triton,256,1.519918441772461e-05,0.003988497999671381,1.0,15.0,0.0,1.0,0.0,0,0,0,256,129
boundary_zoom,fp64_pytorch,256,1.519918441772461e-05,0.02650663600070402,1.0,15.0,0.0,1.0,0.0,0,0,0,256,256
boundary_zoom,doublefloat_pytorch,256,1.519918441772461e-05,0.10305371599679347,1.0,15.0,0.0,1.0,0.0,0,0,0,256,256
boundary_zoom,doublefloat_triton,256,1.519918441772461e-05,0.0011312659989926033,1.0,15.0,0.0,1.0,0.0,0,0,0,256,256
